County,State,Population
Adams,Indiana,35636
Allen,Indiana,375351
Bartholomew,Indiana,82753
Benton,Indiana,8653
Blackford,Indiana,11930
Boone,Indiana,66999
Brown,Indiana,15234
Carroll,Indiana,20127
Cass,Indiana,37955
Clark,Indiana,117360
Clay,Indiana,26170
Clinton,Indiana,32250
Crawford,Indiana,10558
Daviess,Indiana,33147
Dearborn,Indiana,49568
Decatur,Indiana,26794
De Kalb,Indiana,43226
Delaware,Indiana,114772
Dubois,Indiana,42565
Elkhart,Indiana,205560
Fayette,Indiana,23047
Floyd,Indiana,77781
Fountain,Indiana,16351
Franklin,Indiana,22736
Fulton,Indiana,20092
Gibson,Indiana,33452
Grant,Indiana,65936
Greene,Indiana,32006
Hamilton,Indiana,330086
Hancock,Indiana,76351
Harrison,Indiana,40350
Hendricks,Indiana,167009
Henry,Indiana,48271
Howard,Indiana,82366
Huntington,Indiana,36240
Jackson,Indiana,44111
Jasper,Indiana,33370
Jay,Indiana,20764
Jefferson,Indiana,32208
Jennings,Indiana,27611
Johnson,Indiana,156225
Knox,Indiana,36895
Kosciusko,Indiana,79344
Lagrange,Indiana,39330
Lake,Indiana,484411
La Porte,Indiana,110007
Lawrence,Indiana,45668
Madison,Indiana,129641
Marion,Indiana,954670
Marshall,Indiana,46248
Martin,Indiana,10217
Miami,Indiana,35567
Monroe,Indiana,146917
Montgomery,Indiana,38346
Morgan,Indiana,70116
Newton,Indiana,14011
Noble,Indiana,47532
Ohio,Indiana,5844
Orange,Indiana,19489
Owen,Indiana,20845
Parke,Indiana,16927
Perry,Indiana,19102
Pike,Indiana,12410
Porter,Indiana,169594
Posey,Indiana,25540
Pulaski,Indiana,12469
Putnam,Indiana,37779
Randolph,Indiana,24851
Ripley,Indiana,28523
Rush,Indiana,16663
St Joseph,Indiana,270771
Scott,Indiana,23878
Shelby,Indiana,44593
Spencer,Indiana,20327
Starke,Indiana,22935
Steuben,Indiana,34586
Sullivan,Indiana,20690
Switzerland,Indiana,10717
Tippecanoe,Indiana,193048
Tipton,Indiana,15128
Union,Indiana,7037
Vanderburgh,Indiana,180974
Vermillion,Indiana,15479
Vigo,Indiana,107386
Wabash,Indiana,31280
Warren,Indiana,8263
Warrick,Indiana,62567
Washington,Indiana,27943
Wayne,Indiana,65936
Wells,Indiana,28206
White,Indiana,24133
Whitley,Indiana,34074
